Institution,Fiscal Year,Study Level,Gender Group,HEADCOUNT
Algoma,2012-2013,Undergraduate,Female,569
Algoma,2012-2013,Undergraduate,Male,539
Algoma,2013-2014,Undergraduate,Female,570
Algoma,2013-2014,Undergraduate,Male,648
Algoma,2014-2015,Undergraduate,Female,559
Algoma,2014-2015,Undergraduate,Male,630
Algoma,2015-2016,Undergraduate,Female,515
Algoma,2015-2016,Undergraduate,Male,566
Algoma,2016-2017,Undergraduate,Female,501
Algoma,2016-2017,Undergraduate,Male,497
Algoma,2017-2018,Undergraduate,Female,475
Algoma,2017-2018,Undergraduate,Male,418
Algoma,2017-2018,Undergraduate,N/A or Another,*
Algoma,2018-2019,Undergraduate,Female,537
Algoma,2018-2019,Undergraduate,Male,417
Algoma,2019-2020,Undergraduate,Female,892
Algoma,2019-2020,Undergraduate,Male,719
Algoma,2019-2020,Undergraduate,N/A or Another,*
Algoma,2020-2021,Undergraduate,Female,764
Algoma,2020-2021,Undergraduate,Male,648
Algoma,2020-2021,Undergraduate,N/A or Another,*
Algoma,2021-2022,Undergraduate,Female,"1,247"
Algoma,2021-2022,Undergraduate,Male,"1,186"
Algoma,2021-2022,Undergraduate,N/A or Another,10
Algoma,2022-2023,Undergraduate,Female,"1,644"
Algoma,2022-2023,Undergraduate,Male,"1,647"
Algoma,2022-2023,Undergraduate,N/A or Another,13
Algoma,2023-2024,Undergraduate,Female,"3,074"
Algoma,2023-2024,Undergraduate,Male,"3,432"
Algoma,2023-2024,Undergraduate,N/A or Another,12
Algoma,2024-2025,Undergraduate,Female,2610
Algoma,2024-2025,Undergraduate,Male,3025
Algoma,2024-2025,Undergraduate,N/A or Another,18
Algoma,2024-2025,Graduate,Female,34
Algoma,2024-2025,Graduate,Male,37
Brock,2012-2013,Undergraduate,Female,"8,419"
Brock,2012-2013,Undergraduate,Male,"6,255"
Brock,2012-2013,Graduate,Female,709
Brock,2012-2013,Graduate,Male,471
Brock,2013-2014,Undergraduate,Female,"8,386"
Brock,2013-2014,Undergraduate,Male,"6,466"
Brock,2013-2014,Graduate,Female,754
Brock,2013-2014,Graduate,Male,544
Brock,2014-2015,Undergraduate,Female,"8,415"
Brock,2014-2015,Undergraduate,Male,"6,496"
Brock,2014-2015,Graduate,Female,782
Brock,2014-2015,Graduate,Male,477
Brock,2015-2016,Undergraduate,Female,"8,268"
Brock,2015-2016,Undergraduate,Male,"6,385"
Brock,2015-2016,Graduate,Female,801
Brock,2015-2016,Graduate,Male,463
Brock,2016-2017,Undergraduate,Female,"8,454"
Brock,2016-2017,Undergraduate,Male,"6,384"
Brock,2016-2017,Undergraduate,N/A or Another,0
Brock,2016-2017,Graduate,Female,831
Brock,2016-2017,Graduate,Male,505
Brock,2017-2018,Undergraduate,Female,"8,341"
Brock,2017-2018,Undergraduate,Male,"6,312"
Brock,2017-2018,Undergraduate,N/A or Another,113
Brock,2017-2018,Graduate,Female,873
Brock,2017-2018,Graduate,Male,485
Brock,2017-2018,Graduate,N/A or Another,23
Brock,2018-2019,Undergraduate,Female,"8,329"
Brock,2018-2019,Undergraduate,Male,"6,388"
Brock,2018-2019,Undergraduate,N/A or Another,205
Brock,2018-2019,Graduate,Female,887
Brock,2018-2019,Graduate,Male,503
Brock,2018-2019,Graduate,N/A or Another,45
Brock,2019-2020,Undergraduate,Female,"8,578"
Brock,2019-2020,Undergraduate,Male,"6,630"
Brock,2019-2020,Undergraduate,N/A or Another,261
Brock,2019-2020,Graduate,Female,992
Brock,2019-2020,Graduate,Male,546
Brock,2019-2020,Graduate,N/A or Another,59
Brock,2020-2021,Undergraduate,Female,"8,600"
Brock,2020-2021,Undergraduate,Male,"6,386"
Brock,2020-2021,Undergraduate,N/A or Another,277
Brock,2020-2021,Graduate,Female,961
Brock,2020-2021,Graduate,Male,560
Brock,2020-2021,Graduate,N/A or Another,54
Brock,2021-2022,Undergraduate,Female,"8,503"
Brock,2021-2022,Undergraduate,Male,"6,377"
Brock,2021-2022,Undergraduate,N/A or Another,279
Brock,2021-2022,Graduate,Female,883
Brock,2021-2022,Graduate,Male,586
Brock,2021-2022,Graduate,N/A or Another,64
Brock,2022-2023,Undergraduate,Female,"8,584"
Brock,2022-2023,Undergraduate,Male,"6,382"
Brock,2022-2023,Undergraduate,N/A or Another,261
Brock,2022-2023,Graduate,Female,870
Brock,2022-2023,Graduate,Male,564
Brock,2022-2023,Graduate,N/A or Another,56
Brock,2023-2024,Undergraduate,Female,"8,502"
Brock,2023-2024,Undergraduate,Male,"6,305"
Brock,2023-2024,Undergraduate,N/A or Another,300
Brock,2023-2024,Graduate,Female,944
Brock,2023-2024,Graduate,Male,516
Brock,2023-2024,Graduate,N/A or Another,70
Brock,2024-2025,Undergraduate,Female,8803
Brock,2024-2025,Undergraduate,Male,6237
Brock,2024-2025,Undergraduate,N/A or Another,361
Brock,2024-2025,Graduate,Female,927
Brock,2024-2025,Graduate,Male,473
Brock,2024-2025,Graduate,N/A or Another,63
Carleton,2012-2013,Undergraduate,Female,"9,288"
Carleton,2012-2013,Undergraduate,Male,"10,168"
Carleton,2012-2013,Graduate,Female,"1,434"
Carleton,2012-2013,Graduate,Male,"1,546"
Carleton,2013-2014,Undergraduate,Female,"9,700"
Carleton,2013-2014,Undergraduate,Male,"10,338"
Carleton,2013-2014,Graduate,Female,"1,464"
Carleton,2013-2014,Graduate,Male,"1,616"
Carleton,2014-2015,Undergraduate,Female,"9,901"
Carleton,2014-2015,Undergraduate,Male,"10,502"
Carleton,2014-2015,Graduate,Female,"1,513"
Carleton,2014-2015,Graduate,Male,"1,644"
Carleton,2015-2016,Undergraduate,Female,"10,033"
Carleton,2015-2016,Undergraduate,Male,"10,569"
Carleton,2015-2016,Graduate,Female,"1,639"
Carleton,2015-2016,Graduate,Male,"1,720"
Carleton,2016-2017,Undergraduate,Female,"10,265"
Carleton,2016-2017,Undergraduate,Male,"10,712"
Carleton,2016-2017,Graduate,Female,"1,720"
Carleton,2016-2017,Graduate,Male,"1,765"
Carleton,2017-2018,Undergraduate,Female,"10,685"
Carleton,2017-2018,Undergraduate,Male,"10,913"
Carleton,2017-2018,Undergraduate,N/A or Another,109
Carleton,2017-2018,Graduate,Female,"1,745"
Carleton,2017-2018,Graduate,Male,"1,788"
Carleton,2017-2018,Graduate,N/A or Another,54
Carleton,2018-2019,Undergraduate,Female,"10,872"
Carleton,2018-2019,Undergraduate,Male,"10,715"
Carleton,2018-2019,Undergraduate,N/A or Another,168
Carleton,2018-2019,Graduate,Female,"1,738"
Carleton,2018-2019,Graduate,Male,"1,648"
Carleton,2018-2019,Graduate,N/A or Another,101
Carleton,2019-2020,Undergraduate,Female,"10,924"
Carleton,2019-2020,Undergraduate,Male,"10,658"
Carleton,2019-2020,Undergraduate,N/A or Another,225
Carleton,2019-2020,Graduate,Female,"1,776"
Carleton,2019-2020,Graduate,Male,"1,764"
Carleton,2019-2020,Graduate,N/A or Another,99
Carleton,2020-2021,Undergraduate,Female,"10,807"
Carleton,2020-2021,Undergraduate,Male,"10,164"
Carleton,2020-2021,Undergraduate,N/A or Another,258
Carleton,2020-2021,Graduate,Female,"1,935"
Carleton,2020-2021,Graduate,Male,"1,836"
Carleton,2020-2021,Graduate,N/A or Another,74
Carleton,2021-2022,Undergraduate,Female,"10,422"
Carleton,2021-2022,Undergraduate,Male,"9,873"
Carleton,2021-2022,Undergraduate,N/A or Another,268
Carleton,2021-2022,Graduate,Female,"1,966"
Carleton,2021-2022,Graduate,Male,"1,836"
Carleton,2021-2022,Graduate,N/A or Another,70
Carleton,2022-2023,Undergraduate,Female,"9,871"
Carleton,2022-2023,Undergraduate,Male,"9,718"
Carleton,2022-2023,Undergraduate,N/A or Another,334
Carleton,2022-2023,Graduate,Female,"1,942"
Carleton,2022-2023,Graduate,Male,"1,784"
Carleton,2022-2023,Graduate,N/A or Another,78
Carleton,2023-2024,Undergraduate,Female,"9,716"
Carleton,2023-2024,Undergraduate,Male,"9,861"
Carleton,2023-2024,Undergraduate,N/A or Another,478
Carleton,2023-2024,Graduate,Female,"1,984"
Carleton,2023-2024,Graduate,Male,"1,810"
Carleton,2023-2024,Graduate,N/A or Another,126
Carleton,2024-2025,Undergraduate,Female,9502
Carleton,2024-2025,Undergraduate,Male,9621
Carleton,2024-2025,Undergraduate,N/A or Another,598
Carleton,2024-2025,Graduate,Female,2076
Carleton,2024-2025,Graduate,Male,1858
Carleton,2024-2025,Graduate,N/A or Another,151
Dominican,2012-2013,Undergraduate,Female,19
Dominican,2012-2013,Undergraduate,Male,38
Dominican,2012-2013,Graduate,Female,11
Dominican,2012-2013,Graduate,Male,39
Guelph,2012-2013,Undergraduate,Female,"13,601"
Guelph,2012-2013,Undergraduate,Male,"8,904"
Guelph,2012-2013,Undergraduate,N/A or Another,*
Guelph,2012-2013,Graduate,Female,"1,355"
Guelph,2012-2013,Graduate,Male,"1,058"
Guelph,2013-2014,Undergraduate,Female,"13,615"
Guelph,2013-2014,Undergraduate,Male,"9,090"
Guelph,2013-2014,Undergraduate,N/A or Another,*
Guelph,2013-2014,Graduate,Female,"1,334"
Guelph,2013-2014,Graduate,Male,"1,001"
Guelph,2014-2015,Undergraduate,Female,"13,787"
Guelph,2014-2015,Undergraduate,Male,"9,155"
Guelph,2014-2015,Undergraduate,N/A or Another,*
Guelph,2014-2015,Graduate,Female,"1,307"
Guelph,2014-2015,Graduate,Male,983
Guelph,2015-2016,Undergraduate,Female,"14,076"
Guelph,2015-2016,Undergraduate,Male,"9,630"
Guelph,2015-2016,Graduate,Female,"1,359"
Guelph,2015-2016,Graduate,Male,939
Guelph,2016-2017,Undergraduate,Female,"14,546"
Guelph,2016-2017,Undergraduate,Male,"9,723"
Guelph,2016-2017,Undergraduate,N/A or Another,*
Guelph,2016-2017,Graduate,Female,"1,428"
Guelph,2016-2017,Graduate,Male,"1,060"
Guelph,2016-2017,Graduate,N/A or Another,0
Guelph,2017-2018,Undergraduate,Female,"14,568"
Guelph,2017-2018,Undergraduate,Male,"9,593"
Guelph,2017-2018,Undergraduate,N/A or Another,39
Guelph,2017-2018,Graduate,Female,"1,504"
Guelph,2017-2018,Graduate,Male,"1,106"
Guelph,2017-2018,Graduate,N/A or Another,11
Guelph,2018-2019,Undergraduate,Female,"14,552"
Guelph,2018-2019,Undergraduate,Male,"9,503"
Guelph,2018-2019,Undergraduate,N/A or Another,62
Guelph,2018-2019,Graduate,Female,"1,553"
Guelph,2018-2019,Graduate,Male,"1,103"
Guelph,2018-2019,Graduate,N/A or Another,31
Guelph,2019-2020,Undergraduate,Female,"14,774"
Guelph,2019-2020,Undergraduate,Male,"9,474"
Guelph,2019-2020,Undergraduate,N/A or Another,213
Guelph,2019-2020,Graduate,Female,"1,633"
Guelph,2019-2020,Graduate,Male,"1,138"
Guelph,2019-2020,Graduate,N/A or Another,65
Guelph,2020-2021,Undergraduate,Female,"14,485"
Guelph,2020-2021,Undergraduate,Male,"9,111"
Guelph,2020-2021,Undergraduate,N/A or Another,402
Guelph,2020-2021,Graduate,Female,"1,610"
Guelph,2020-2021,Graduate,Male,"1,113"
Guelph,2020-2021,Graduate,N/A or Another,111
Guelph,2021-2022,Undergraduate,Female,"14,020"
Guelph,2021-2022,Undergraduate,Male,"8,801"
Guelph,2021-2022,Undergraduate,N/A or Another,479
Guelph,2021-2022,Graduate,Female,"1,650"
Guelph,2021-2022,Graduate,Male,"1,105"
Guelph,2021-2022,Graduate,N/A or Another,158
Guelph,2022-2023,Undergraduate,Female,"14,813"
Guelph,2022-2023,Undergraduate,Male,"9,330"
Guelph,2022-2023,Undergraduate,N/A or Another,571
Guelph,2022-2023,Graduate,Female,"1,594"
Guelph,2022-2023,Graduate,Male,"1,110"
Guelph,2022-2023,Graduate,N/A or Another,148
Guelph,2023-2024,Undergraduate,Female,"15,154"
Guelph,2023-2024,Undergraduate,Male,"9,491"
Guelph,2023-2024,Undergraduate,N/A or Another,669
Guelph,2023-2024,Graduate,Female,"1,614"
Guelph,2023-2024,Graduate,Male,"1,067"
Guelph,2023-2024,Graduate,N/A or Another,144
Guelph,2024-2025,Undergraduate,Female,16543
Guelph,2024-2025,Undergraduate,Male,10575
Guelph,2024-2025,Undergraduate,N/A or Another,854
Guelph,2024-2025,Graduate,Female,1711
Guelph,2024-2025,Graduate,Male,967
Guelph,2024-2025,Graduate,N/A or Another,149
Hearst,2012-2013,Undergraduate,Female,57
Hearst,2012-2013,Undergraduate,Male,12
Hearst,2013-2014,Undergraduate,Female,57
Hearst,2013-2014,Undergraduate,Male,11
Hearst,2014-2015,Undergraduate,Female,56
Hearst,2014-2015,Undergraduate,Male,17
Hearst,2015-2016,Undergraduate,Female,76
Hearst,2015-2016,Undergraduate,Male,33
Hearst,2016-2017,Undergraduate,Female,65
Hearst,2016-2017,Undergraduate,Male,42
Hearst,2017-2018,Undergraduate,Female,83
Hearst,2017-2018,Undergraduate,Male,47
Hearst,2018-2019,Undergraduate,Female,92
Hearst,2018-2019,Undergraduate,Male,55
Hearst,2019-2020,Undergraduate,Female,118
Hearst,2019-2020,Undergraduate,Male,87
Hearst,2020-2021,Undergraduate,Female,94
Hearst,2020-2021,Undergraduate,Male,68
Hearst,2020-2021,Undergraduate,N/A or Another,0
Hearst,2021-2022,Undergraduate,Female,122
Hearst,2021-2022,Undergraduate,Male,91
Hearst,2021-2022,Undergraduate,N/A or Another,*
Hearst,2022-2023,Undergraduate,Female,119
Hearst,2022-2023,Undergraduate,Male,99
Hearst,2022-2023,Undergraduate,N/A or Another,*
Hearst,2022-2023,Graduate,Female,10
Hearst,2023-2024,Undergraduate,Female,162
Hearst,2023-2024,Undergraduate,Male,151
Hearst,2023-2024,Graduate,Female,*
Hearst,2023-2024,Graduate,Male,*
Hearst,2024-2025,Undergraduate,Female,154
Hearst,2024-2025,Undergraduate,Male,147
Hearst,2024-2025,Graduate,Female,12
Hearst,2024-2025,Graduate,Male,*
Lakehead,2012-2013,Undergraduate,Female,"3,707"
Lakehead,2012-2013,Undergraduate,Male,"2,641"
Lakehead,2012-2013,Graduate,Female,451
Lakehead,2012-2013,Graduate,Male,301
Lakehead,2013-2014,Undergraduate,Female,"3,708"
Lakehead,2013-2014,Undergraduate,Male,"2,596"
Lakehead,2013-2014,Graduate,Female,484
Lakehead,2013-2014,Graduate,Male,313
Lakehead,2014-2015,Undergraduate,Female,"3,589"
Lakehead,2014-2015,Undergraduate,Male,"2,646"
Lakehead,2014-2015,Graduate,Female,461
Lakehead,2014-2015,Graduate,Male,334
Lakehead,2015-2016,Undergraduate,Female,"3,240"
Lakehead,2015-2016,Undergraduate,Male,"2,485"
Lakehead,2015-2016,Graduate,Female,523
Lakehead,2015-2016,Graduate,Male,368
Lakehead,2016-2017,Undergraduate,Female,"3,330"
Lakehead,2016-2017,Undergraduate,Male,"2,593"
Lakehead,2016-2017,Graduate,Female,589
Lakehead,2016-2017,Graduate,Male,454
Lakehead,2017-2018,Undergraduate,Female,"3,107"
Lakehead,2017-2018,Undergraduate,Male,"2,589"
Lakehead,2017-2018,Undergraduate,N/A or Another,*
Lakehead,2017-2018,Graduate,Female,646
Lakehead,2017-2018,Graduate,Male,572
Lakehead,2017-2018,Graduate,N/A or Another,0
Lakehead,2018-2019,Undergraduate,Female,"3,148"
Lakehead,2018-2019,Undergraduate,Male,"2,693"
Lakehead,2018-2019,Undergraduate,N/A or Another,*
Lakehead,2018-2019,Graduate,Female,693
Lakehead,2018-2019,Graduate,Male,606
Lakehead,2018-2019,Graduate,N/A or Another,*
Lakehead,2019-2020,Undergraduate,Female,"3,255"
Lakehead,2019-2020,Undergraduate,Male,"2,605"
Lakehead,2019-2020,Graduate,Female,761
Lakehead,2019-2020,Graduate,Male,686
Lakehead,2020-2021,Undergraduate,Female,"3,284"
Lakehead,2020-2021,Undergraduate,Male,"2,416"
Lakehead,2020-2021,Undergraduate,N/A or Another,56
Lakehead,2020-2021,Graduate,Female,703
Lakehead,2020-2021,Graduate,Male,603
Lakehead,2021-2022,Undergraduate,Female,"3,289"
Lakehead,2021-2022,Undergraduate,Male,"2,246"
Lakehead,2021-2022,Undergraduate,N/A or Another,126
Lakehead,2021-2022,Graduate,Female,788
Lakehead,2021-2022,Graduate,Male,639
Lakehead,2021-2022,Graduate,N/A or Another,*
Lakehead,2022-2023,Undergraduate,Female,"3,273"
Lakehead,2022-2023,Undergraduate,Male,"2,175"
Lakehead,2022-2023,Undergraduate,N/A or Another,139
Lakehead,2022-2023,Graduate,Female,823
Lakehead,2022-2023,Graduate,Male,637
Lakehead,2022-2023,Graduate,N/A or Another,*
Lakehead,2023-2024,Undergraduate,Female,"3,292"
Lakehead,2023-2024,Undergraduate,Male,"2,213"
Lakehead,2023-2024,Undergraduate,N/A or Another,170
Lakehead,2023-2024,Graduate,Female,975
Lakehead,2023-2024,Graduate,Male,760
Lakehead,2023-2024,Graduate,N/A or Another,12
Lakehead,2024-2025,Undergraduate,Female,3399
Lakehead,2024-2025,Undergraduate,Male,2245
Lakehead,2024-2025,Undergraduate,N/A or Another,205
Lakehead,2024-2025,Graduate,Female,978
Lakehead,2024-2025,Graduate,Male,806
Lakehead,2024-2025,Graduate,N/A or Another,17
Laurentian,2012-2013,Undergraduate,Female,"3,862"
Laurentian,2012-2013,Undergraduate,Male,"2,417"
Laurentian,2012-2013,Graduate,Female,225
Laurentian,2012-2013,Graduate,Male,178
Laurentian,2013-2014,Undergraduate,Female,"3,791"
Laurentian,2013-2014,Undergraduate,Male,"2,501"
Laurentian,2013-2014,Graduate,Female,260
Laurentian,2013-2014,Graduate,Male,202
Laurentian,2014-2015,Undergraduate,Female,"3,794"
Laurentian,2014-2015,Undergraduate,Male,"2,541"
Laurentian,2014-2015,Graduate,Female,280
Laurentian,2014-2015,Graduate,Male,196
Laurentian,2015-2016,Undergraduate,Female,"3,970"
Laurentian,2015-2016,Undergraduate,Male,"2,654"
Laurentian,2015-2016,Graduate,Female,308
Laurentian,2015-2016,Graduate,Male,199
Laurentian,2016-2017,Undergraduate,Female,"3,873"
Laurentian,2016-2017,Undergraduate,Male,"2,649"
Laurentian,2016-2017,Graduate,Female,302
Laurentian,2016-2017,Graduate,Male,204
Laurentian,2017-2018,Undergraduate,Female,"3,719"
Laurentian,2017-2018,Undergraduate,Male,"2,603"
Laurentian,2017-2018,Undergraduate,N/A or Another,*
Laurentian,2017-2018,Graduate,Female,291
Laurentian,2017-2018,Graduate,Male,201
Laurentian,2018-2019,Undergraduate,Female,"3,656"
Laurentian,2018-2019,Undergraduate,Male,"2,486"
Laurentian,2018-2019,Undergraduate,N/A or Another,14
Laurentian,2018-2019,Graduate,Female,339
Laurentian,2018-2019,Graduate,Male,232
Laurentian,2019-2020,Undergraduate,Female,"3,706"
Laurentian,2019-2020,Undergraduate,Male,"2,471"
Laurentian,2019-2020,Undergraduate,N/A or Another,19
Laurentian,2019-2020,Graduate,Female,380
Laurentian,2019-2020,Graduate,Male,264
Laurentian,2019-2020,Graduate,N/A or Another,*
Laurentian,2020-2021,Undergraduate,Female,"3,936"
Laurentian,2020-2021,Undergraduate,Male,"2,357"
Laurentian,2020-2021,Undergraduate,N/A or Another,33
Laurentian,2020-2021,Graduate,Female,405
Laurentian,2020-2021,Graduate,Male,304
Laurentian,2020-2021,Graduate,N/A or Another,*
Laurentian,2021-2022,Undergraduate,Female,"3,346"
Laurentian,2021-2022,Undergraduate,Male,"1,971"
Laurentian,2021-2022,Undergraduate,N/A or Another,18
Laurentian,2021-2022,Graduate,Female,344
Laurentian,2021-2022,Graduate,Male,290
Laurentian,2021-2022,Graduate,N/A or Another,*
Laurentian,2022-2023,Undergraduate,Female,"3,124"
Laurentian,2022-2023,Undergraduate,Male,"1,724"
Laurentian,2022-2023,Undergraduate,N/A or Another,25
Laurentian,2022-2023,Graduate,Female,392
Laurentian,2022-2023,Graduate,Male,357
Laurentian,2022-2023,Graduate,N/A or Another,*
Laurentian,2023-2024,Undergraduate,Female,"3,025"
Laurentian,2023-2024,Undergraduate,Male,"1,629"
Laurentian,2023-2024,Undergraduate,N/A or Another,76
Laurentian,2023-2024,Graduate,Female,641
Laurentian,2023-2024,Graduate,Male,870
Laurentian,2023-2024,Graduate,N/A or Another,*
Laurentian,2024-2025,Undergraduate,Female,2977
Laurentian,2024-2025,Undergraduate,Male,1530
Laurentian,2024-2025,Undergraduate,N/A or Another,118
Laurentian,2024-2025,Graduate,Female,723
Laurentian,2024-2025,Graduate,Male,984
Laurentian,2024-2025,Graduate,N/A or Another,*
McMaster,2012-2013,Undergraduate,Female,"12,125"
McMaster,2012-2013,Undergraduate,Male,"10,124"
McMaster,2012-2013,Graduate,Female,"1,722"
McMaster,2012-2013,Graduate,Male,"1,822"
McMaster,2013-2014,Undergraduate,Female,"12,260"
McMaster,2013-2014,Undergraduate,Male,"10,352"
McMaster,2013-2014,Graduate,Female,"1,713"
McMaster,2013-2014,Graduate,Male,"1,809"
McMaster,2014-2015,Undergraduate,Female,"12,488"
McMaster,2014-2015,Undergraduate,Male,"10,372"
McMaster,2014-2015,Graduate,Female,"1,743"
McMaster,2014-2015,Graduate,Male,"1,880"
McMaster,2015-2016,Undergraduate,Female,"13,429"
McMaster,2015-2016,Undergraduate,Male,"11,365"
McMaster,2015-2016,Graduate,Female,"1,824"
McMaster,2015-2016,Graduate,Male,"1,792"
McMaster,2016-2017,Undergraduate,Female,"14,011"
McMaster,2016-2017,Undergraduate,Male,"11,996"
McMaster,2016-2017,Undergraduate,N/A or Another,0
McMaster,2016-2017,Graduate,Female,"1,936"
McMaster,2016-2017,Graduate,Male,"1,879"
McMaster,2017-2018,Undergraduate,Female,"14,452"
McMaster,2017-2018,Undergraduate,Male,"12,082"
McMaster,2017-2018,Undergraduate,N/A or Another,100
McMaster,2017-2018,Graduate,Female,"1,967"
McMaster,2017-2018,Graduate,Male,"1,941"
McMaster,2017-2018,Graduate,N/A or Another,*
McMaster,2018-2019,Undergraduate,Female,"15,062"
McMaster,2018-2019,Undergraduate,Male,"12,460"
McMaster,2018-2019,Undergraduate,N/A or Another,197
McMaster,2018-2019,Graduate,Female,"2,142"
McMaster,2018-2019,Graduate,Male,"2,028"
McMaster,2018-2019,Graduate,N/A or Another,12
McMaster,2019-2020,Undergraduate,Female,"15,757"
McMaster,2019-2020,Undergraduate,Male,"12,814"
McMaster,2019-2020,Undergraduate,N/A or Another,263
McMaster,2019-2020,Graduate,Female,"2,289"
McMaster,2019-2020,Graduate,Male,"2,056"
McMaster,2019-2020,Graduate,N/A or Another,27
McMaster,2020-2021,Undergraduate,Female,"16,706"
McMaster,2020-2021,Undergraduate,Male,"13,467"
McMaster,2020-2021,Undergraduate,N/A or Another,387
McMaster,2020-2021,Graduate,Female,"2,288"
McMaster,2020-2021,Graduate,Male,"1,889"
McMaster,2020-2021,Graduate,N/A or Another,38
McMaster,2021-2022,Undergraduate,Female,"17,159"
McMaster,2021-2022,Undergraduate,Male,"13,574"
McMaster,2021-2022,Undergraduate,N/A or Another,436
McMaster,2021-2022,Graduate,Female,"2,406"
McMaster,2021-2022,Graduate,Male,"2,023"
McMaster,2021-2022,Graduate,N/A or Another,50
McMaster,2022-2023,Undergraduate,Female,"17,273"
McMaster,2022-2023,Undergraduate,Male,"13,597"
McMaster,2022-2023,Undergraduate,N/A or Another,505
McMaster,2022-2023,Graduate,Female,"2,489"
McMaster,2022-2023,Graduate,Male,"2,129"
McMaster,2022-2023,Graduate,N/A or Another,51
McMaster,2023-2024,Undergraduate,Female,"17,378"
McMaster,2023-2024,Undergraduate,Male,"13,440"
McMaster,2023-2024,Undergraduate,N/A or Another,557
McMaster,2023-2024,Graduate,Female,"2,545"
McMaster,2023-2024,Graduate,Male,"2,209"
McMaster,2023-2024,Graduate,N/A or Another,52
McMaster,2024-2025,Undergraduate,Female,17473
McMaster,2024-2025,Undergraduate,Male,13200
McMaster,2024-2025,Undergraduate,N/A or Another,613
McMaster,2024-2025,Graduate,Female,2603
McMaster,2024-2025,Graduate,Male,2120
McMaster,2024-2025,Graduate,N/A or Another,53
Metropolitan,2012-2013,Undergraduate,Female,"11,251"
Metropolitan,2012-2013,Undergraduate,Male,"9,478"
Metropolitan,2012-2013,Undergraduate,N/A or Another,*
Metropolitan,2012-2013,Graduate,Female,910
Metropolitan,2012-2013,Graduate,Male,"1,073"
Metropolitan,2012-2013,Graduate,N/A or Another,14
Metropolitan,2013-2014,Undergraduate,Female,"12,062"
Metropolitan,2013-2014,Undergraduate,Male,"9,953"
Metropolitan,2013-2014,Undergraduate,N/A or Another,*
Metropolitan,2013-2014,Graduate,Female,955
Metropolitan,2013-2014,Graduate,Male,"1,026"
Metropolitan,2013-2014,Graduate,N/A or Another,*
Metropolitan,2014-2015,Undergraduate,Female,"13,528"
Metropolitan,2014-2015,Undergraduate,Male,"10,877"
Metropolitan,2014-2015,Undergraduate,N/A or Another,*
Metropolitan,2014-2015,Graduate,Female,"1,021"
Metropolitan,2014-2015,Graduate,Male,"1,033"
Metropolitan,2014-2015,Graduate,N/A or Another,0
Metropolitan,2015-2016,Undergraduate,Female,"14,504"
Metropolitan,2015-2016,Undergraduate,Male,"11,516"
Metropolitan,2015-2016,Undergraduate,N/A or Another,*
Metropolitan,2015-2016,Graduate,Female,"1,022"
Metropolitan,2015-2016,Graduate,Male,"1,105"
Metropolitan,2015-2016,Graduate,N/A or Another,*
Metropolitan,2016-2017,Undergraduate,Female,"15,753"
Metropolitan,2016-2017,Undergraduate,Male,"11,956"
Metropolitan,2016-2017,Undergraduate,N/A or Another,31
Metropolitan,2016-2017,Graduate,Female,"1,123"
Metropolitan,2016-2017,Graduate,Male,"1,133"
Metropolitan,2016-2017,Graduate,N/A or Another,13
Metropolitan,2017-2018,Undergraduate,Female,"16,101"
Metropolitan,2017-2018,Undergraduate,Male,"12,035"
Metropolitan,2017-2018,Undergraduate,N/A or Another,126
Metropolitan,2017-2018,Graduate,Female,"1,178"
Metropolitan,2017-2018,Graduate,Male,"1,141"
Metropolitan,2017-2018,Graduate,N/A or Another,13
Metropolitan,2018-2019,Undergraduate,Female,"16,386"
Metropolitan,2018-2019,Undergraduate,Male,"12,184"
Metropolitan,2018-2019,Undergraduate,N/A or Another,262
Metropolitan,2018-2019,Graduate,Female,"1,256"
Metropolitan,2018-2019,Graduate,Male,"1,132"
Metropolitan,2018-2019,Graduate,N/A or Another,16
Metropolitan,2019-2020,Undergraduate,Female,"16,349"
Metropolitan,2019-2020,Undergraduate,Male,"12,041"
Metropolitan,2019-2020,Undergraduate,N/A or Another,317
Metropolitan,2019-2020,Graduate,Female,"1,352"
Metropolitan,2019-2020,Graduate,Male,"1,215"
Metropolitan,2019-2020,Graduate,N/A or Another,*
Metropolitan,2020-2021,Undergraduate,Female,"17,655"
Metropolitan,2020-2021,Undergraduate,Male,"13,300"
Metropolitan,2020-2021,Undergraduate,N/A or Another,349
Metropolitan,2020-2021,Graduate,Female,"1,460"
Metropolitan,2020-2021,Graduate,Male,"1,225"
Metropolitan,2020-2021,Graduate,N/A or Another,16
Metropolitan,2021-2022,Undergraduate,Female,"17,996"
Metropolitan,2021-2022,Undergraduate,Male,"13,445"
Metropolitan,2021-2022,Undergraduate,N/A or Another,365
Metropolitan,2021-2022,Graduate,Female,"1,446"
Metropolitan,2021-2022,Graduate,Male,"1,276"
Metropolitan,2021-2022,Graduate,N/A or Another,16
Metropolitan,2022-2023,Undergraduate,Female,"17,104"
Metropolitan,2022-2023,Undergraduate,Male,"12,888"
Metropolitan,2022-2023,Undergraduate,N/A or Another,446
Metropolitan,2022-2023,Graduate,Female,"1,425"
Metropolitan,2022-2023,Graduate,Male,"1,185"
Metropolitan,2022-2023,Graduate,N/A or Another,28
Metropolitan,2023-2024,Undergraduate,Female,"17,280"
Metropolitan,2023-2024,Undergraduate,Male,"13,387"
Metropolitan,2023-2024,Undergraduate,N/A or Another,552
Metropolitan,2023-2024,Graduate,Female,"1,350"
Metropolitan,2023-2024,Graduate,Male,"1,187"
Metropolitan,2023-2024,Graduate,N/A or Another,60
Metropolitan,2024-2025,Undergraduate,Female,17375
Metropolitan,2024-2025,Undergraduate,Male,14040
Metropolitan,2024-2025,Undergraduate,N/A or Another,681
Metropolitan,2024-2025,Graduate,Female,1413
Metropolitan,2024-2025,Graduate,Male,1196
Metropolitan,2024-2025,Graduate,N/A or Another,53
Nipissing,2012-2013,Undergraduate,Female,"2,506"
Nipissing,2012-2013,Undergraduate,Male,"1,166"
Nipissing,2012-2013,Graduate,Female,54
Nipissing,2012-2013,Graduate,Male,40
Nipissing,2013-2014,Undergraduate,Female,"2,331"
Nipissing,2013-2014,Undergraduate,Male,"1,088"
Nipissing,2013-2014,Graduate,Female,63
Nipissing,2013-2014,Graduate,Male,38
Nipissing,2014-2015,Undergraduate,Female,"2,203"
Nipissing,2014-2015,Undergraduate,Male,"1,081"
Nipissing,2014-2015,Graduate,Female,94
Nipissing,2014-2015,Graduate,Male,41
Nipissing,2015-2016,Undergraduate,Female,"2,141"
Nipissing,2015-2016,Undergraduate,Male,964
Nipissing,2015-2016,Graduate,Female,118
Nipissing,2015-2016,Graduate,Male,41
Nipissing,2016-2017,Undergraduate,Female,"2,123"
Nipissing,2016-2017,Undergraduate,Male,964
Nipissing,2016-2017,Graduate,Female,108
Nipissing,2016-2017,Graduate,Male,36
Nipissing,2017-2018,Undergraduate,Female,"2,063"
Nipissing,2017-2018,Undergraduate,Male,908
Nipissing,2017-2018,Undergraduate,N/A or Another,45
Nipissing,2017-2018,Graduate,Female,107
Nipissing,2017-2018,Graduate,Male,44
Nipissing,2017-2018,Graduate,N/A or Another,*
Nipissing,2018-2019,Undergraduate,Female,"2,313"
Nipissing,2018-2019,Undergraduate,Male,996
Nipissing,2018-2019,Undergraduate,N/A or Another,90
Nipissing,2018-2019,Graduate,Female,113
Nipissing,2018-2019,Graduate,Male,53
Nipissing,2018-2019,Graduate,N/A or Another,0
Nipissing,2019-2020,Undergraduate,Female,"2,524"
Nipissing,2019-2020,Undergraduate,Male,"1,077"
Nipissing,2019-2020,Undergraduate,N/A or Another,14
Nipissing,2019-2020,Graduate,Female,107
Nipissing,2019-2020,Graduate,Male,54
Nipissing,2020-2021,Undergraduate,Female,"2,480"
Nipissing,2020-2021,Undergraduate,Male,"1,109"
Nipissing,2020-2021,Undergraduate,N/A or Another,15
Nipissing,2020-2021,Graduate,Female,113
Nipissing,2020-2021,Graduate,Male,65
Nipissing,2020-2021,Graduate,N/A or Another,*
Nipissing,2021-2022,Undergraduate,Female,"2,596"
Nipissing,2021-2022,Undergraduate,Male,"1,137"
Nipissing,2021-2022,Undergraduate,N/A or Another,20
Nipissing,2021-2022,Graduate,Female,121
Nipissing,2021-2022,Graduate,Male,63
Nipissing,2021-2022,Graduate,N/A or Another,*
Nipissing,2022-2023,Undergraduate,Female,"2,439"
Nipissing,2022-2023,Undergraduate,Male,"1,145"
Nipissing,2022-2023,Undergraduate,N/A or Another,31
Nipissing,2022-2023,Graduate,Female,113
Nipissing,2022-2023,Graduate,Male,56
Nipissing,2022-2023,Graduate,N/A or Another,*
Nipissing,2023-2024,Undergraduate,Female,"2,506"
Nipissing,2023-2024,Undergraduate,Male,"1,256"
Nipissing,2023-2024,Undergraduate,N/A or Another,106
Nipissing,2023-2024,Graduate,Female,114
Nipissing,2023-2024,Graduate,Male,53
Nipissing,2023-2024,Graduate,N/A or Another,*
Nipissing,2024-2025,Undergraduate,Female,2768
Nipissing,2024-2025,Undergraduate,Male,1315
Nipissing,2024-2025,Undergraduate,N/A or Another,192
Nipissing,2024-2025,Graduate,Female,107
Nipissing,2024-2025,Graduate,Male,53
Nipissing,2024-2025,Graduate,N/A or Another,10
NOSMU,2012-2013,Undergraduate,Female,248
NOSMU,2012-2013,Undergraduate,Male,139
NOSMU,2013-2014,Undergraduate,Female,268
NOSMU,2013-2014,Undergraduate,Male,148
NOSMU,2014-2015,Undergraduate,Female,271
NOSMU,2014-2015,Undergraduate,Male,154
NOSMU,2015-2016,Undergraduate,Female,273
NOSMU,2015-2016,Undergraduate,Male,160
NOSMU,2016-2017,Undergraduate,Female,267
NOSMU,2016-2017,Undergraduate,Male,170
NOSMU,2017-2018,Undergraduate,Female,269
NOSMU,2017-2018,Undergraduate,Male,169
NOSMU,2018-2019,Undergraduate,Female,279
NOSMU,2018-2019,Undergraduate,Male,169
NOSMU,2019-2020,Undergraduate,Female,274
NOSMU,2019-2020,Undergraduate,Male,173
NOSMU,2020-2021,Undergraduate,Female,281
NOSMU,2020-2021,Undergraduate,Male,176
NOSMU,2021-2022,Undergraduate,Female,285
NOSMU,2021-2022,Undergraduate,Male,160
NOSMU,2021-2022,Undergraduate,N/A or Another,*
NOSMU,2021-2022,Graduate,Female,*
NOSMU,2021-2022,Graduate,N/A or Another,0
NOSMU,2022-2023,Undergraduate,Female,274
NOSMU,2022-2023,Undergraduate,Male,140
NOSMU,2022-2023,Undergraduate,N/A or Another,53
NOSMU,2022-2023,Graduate,Female,*
NOSMU,2022-2023,Graduate,N/A or Another,*
NOSMU,2023-2024,Undergraduate,Female,295
NOSMU,2023-2024,Undergraduate,Male,133
NOSMU,2023-2024,Undergraduate,N/A or Another,57
NOSMU,2023-2024,Graduate,Female,*
NOSMU,2023-2024,Graduate,N/A or Another,*
NOSMU,2024-2025,Undergraduate,Female,305
NOSMU,2024-2025,Undergraduate,Male,143
NOSMU,2024-2025,Undergraduate,N/A or Another,65
NOSMU,2024-2025,Graduate,Female,*
NOSMU,2024-2025,Graduate,Male,*
NOSMU,2024-2025,Graduate,N/A or Another,*
OCADU,2012-2013,Undergraduate,Female,"2,351"
OCADU,2012-2013,Undergraduate,Male,"1,087"
OCADU,2012-2013,Graduate,Female,84
OCADU,2012-2013,Graduate,Male,49
OCADU,2013-2014,Undergraduate,Female,"2,357"
OCADU,2013-2014,Undergraduate,Male,"1,038"
OCADU,2013-2014,Graduate,Female,99
OCADU,2013-2014,Graduate,Male,61
OCADU,2014-2015,Undergraduate,Female,"2,320"
OCADU,2014-2015,Undergraduate,Male,"1,038"
OCADU,2014-2015,Graduate,Female,108
OCADU,2014-2015,Graduate,Male,59
OCADU,2015-2016,Undergraduate,Female,"2,285"
OCADU,2015-2016,Undergraduate,Male,"1,033"
OCADU,2015-2016,Graduate,Female,109
OCADU,2015-2016,Graduate,Male,63
OCADU,2015-2016,Graduate,N/A or Another,*
OCADU,2016-2017,Undergraduate,Female,"2,194"
OCADU,2016-2017,Undergraduate,Male,986
OCADU,2016-2017,Graduate,Female,116
OCADU,2016-2017,Graduate,Male,56
OCADU,2016-2017,Graduate,N/A or Another,*
OCADU,2017-2018,Undergraduate,Female,"2,194"
OCADU,2017-2018,Undergraduate,Male,962
OCADU,2017-2018,Undergraduate,N/A or Another,48
OCADU,2017-2018,Graduate,Female,128
OCADU,2017-2018,Graduate,Male,50
OCADU,2017-2018,Graduate,N/A or Another,*
OCADU,2018-2019,Undergraduate,Female,"2,166"
OCADU,2018-2019,Undergraduate,Male,936
OCADU,2018-2019,Undergraduate,N/A or Another,103
OCADU,2018-2019,Graduate,Female,143
OCADU,2018-2019,Graduate,Male,54
OCADU,2018-2019,Graduate,N/A or Another,*
OCADU,2019-2020,Undergraduate,Female,"2,224"
OCADU,2019-2020,Undergraduate,Male,973
OCADU,2019-2020,Undergraduate,N/A or Another,147
OCADU,2019-2020,Graduate,Female,162
OCADU,2019-2020,Graduate,Male,51
OCADU,2019-2020,Graduate,N/A or Another,*
OCADU,2020-2021,Undergraduate,Female,"2,729"
OCADU,2020-2021,Undergraduate,Male,"1,100"
OCADU,2020-2021,Undergraduate,N/A or Another,211
OCADU,2020-2021,Graduate,Female,165
OCADU,2020-2021,Graduate,Male,53
OCADU,2020-2021,Graduate,N/A or Another,12
OCADU,2021-2022,Undergraduate,Female,"2,775"
OCADU,2021-2022,Undergraduate,Male,"1,072"
OCADU,2021-2022,Undergraduate,N/A or Another,266
OCADU,2021-2022,Graduate,Female,163
OCADU,2021-2022,Graduate,Male,74
OCADU,2021-2022,Graduate,N/A or Another,15
OCADU,2022-2023,Undergraduate,Female,"2,849"
OCADU,2022-2023,Undergraduate,Male,"1,160"
OCADU,2022-2023,Undergraduate,N/A or Another,313
OCADU,2022-2023,Graduate,Female,156
OCADU,2022-2023,Graduate,Male,61
OCADU,2022-2023,Graduate,N/A or Another,15
OCADU,2023-2024,Undergraduate,Female,"2,915"
OCADU,2023-2024,Undergraduate,Male,"1,196"
OCADU,2023-2024,Undergraduate,N/A or Another,382
OCADU,2023-2024,Graduate,Female,178
OCADU,2023-2024,Graduate,Male,57
OCADU,2023-2024,Graduate,N/A or Another,21
OCADU,2024-2025,Undergraduate,Female,2814
OCADU,2024-2025,Undergraduate,Male,1137
OCADU,2024-2025,Undergraduate,N/A or Another,422
OCADU,2024-2025,Graduate,Female,156
OCADU,2024-2025,Graduate,Male,52
OCADU,2024-2025,Graduate,N/A or Another,23
Ontario Tech,2012-2013,Undergraduate,Female,"3,316"
Ontario Tech,2012-2013,Undergraduate,Male,"4,823"
Ontario Tech,2012-2013,Graduate,Female,102
Ontario Tech,2012-2013,Graduate,Male,231
Ontario Tech,2013-2014,Undergraduate,Female,"3,552"
Ontario Tech,2013-2014,Undergraduate,Male,"5,049"
Ontario Tech,2013-2014,Graduate,Female,134
Ontario Tech,2013-2014,Graduate,Male,242
Ontario Tech,2014-2015,Undergraduate,Female,"3,616"
Ontario Tech,2014-2015,Undergraduate,Male,"5,132"
Ontario Tech,2014-2015,Graduate,Female,138
Ontario Tech,2014-2015,Graduate,Male,260
Ontario Tech,2015-2016,Undergraduate,Female,"3,534"
Ontario Tech,2015-2016,Undergraduate,Male,"5,083"
Ontario Tech,2015-2016,Graduate,Female,156
Ontario Tech,2015-2016,Graduate,Male,263
Ontario Tech,2016-2017,Undergraduate,Female,"3,728"
Ontario Tech,2016-2017,Undergraduate,Male,"5,067"
Ontario Tech,2016-2017,Graduate,Female,147
Ontario Tech,2016-2017,Graduate,Male,240
Ontario Tech,2017-2018,Undergraduate,Female,"3,722"
Ontario Tech,2017-2018,Undergraduate,Male,"5,103"
Ontario Tech,2017-2018,Undergraduate,N/A or Another,*
Ontario Tech,2017-2018,Graduate,Female,160
Ontario Tech,2017-2018,Graduate,Male,279
Ontario Tech,2018-2019,Undergraduate,Female,"3,787"
Ontario Tech,2018-2019,Undergraduate,Male,"5,123"
Ontario Tech,2018-2019,Undergraduate,N/A or Another,32
Ontario Tech,2018-2019,Graduate,Female,194
Ontario Tech,2018-2019,Graduate,Male,281
Ontario Tech,2018-2019,Graduate,N/A or Another,*
Ontario Tech,2019-2020,Undergraduate,Female,"3,768"
Ontario Tech,2019-2020,Undergraduate,Male,"5,167"
Ontario Tech,2019-2020,Undergraduate,N/A or Another,58
Ontario Tech,2019-2020,Graduate,Female,207
Ontario Tech,2019-2020,Graduate,Male,308
Ontario Tech,2019-2020,Graduate,N/A or Another,*
Ontario Tech,2020-2021,Undergraduate,Female,"3,839"
Ontario Tech,2020-2021,Undergraduate,Male,"5,234"
Ontario Tech,2020-2021,Undergraduate,N/A or Another,100
Ontario Tech,2020-2021,Graduate,Female,241
Ontario Tech,2020-2021,Graduate,Male,313
Ontario Tech,2020-2021,Graduate,N/A or Another,*
Ontario Tech,2021-2022,Undergraduate,Female,"3,900"
Ontario Tech,2021-2022,Undergraduate,Male,"5,323"
Ontario Tech,2021-2022,Undergraduate,N/A or Another,131
Ontario Tech,2021-2022,Graduate,Female,302
Ontario Tech,2021-2022,Graduate,Male,370
Ontario Tech,2021-2022,Graduate,N/A or Another,*
Ontario Tech,2022-2023,Undergraduate,Female,"3,866"
Ontario Tech,2022-2023,Undergraduate,Male,"5,294"
Ontario Tech,2022-2023,Undergraduate,N/A or Another,178
Ontario Tech,2022-2023,Graduate,Female,335
Ontario Tech,2022-2023,Graduate,Male,408
Ontario Tech,2022-2023,Graduate,N/A or Another,13
Ontario Tech,2023-2024,Undergraduate,Female,"4,275"
Ontario Tech,2023-2024,Undergraduate,Male,"5,535"
Ontario Tech,2023-2024,Undergraduate,N/A or Another,196
Ontario Tech,2023-2024,Graduate,Female,370
Ontario Tech,2023-2024,Graduate,Male,358
Ontario Tech,2023-2024,Graduate,N/A or Another,10
Ontario Tech,2024-2025,Undergraduate,Female,4559
Ontario Tech,2024-2025,Undergraduate,Male,5754
Ontario Tech,2024-2025,Undergraduate,N/A or Another,237
Ontario Tech,2024-2025,Graduate,Female,428
Ontario Tech,2024-2025,Graduate,Male,461
Ontario Tech,2024-2025,Graduate,N/A or Another,13
Ottawa,2012-2013,Undergraduate,Female,"18,221"
Ottawa,2012-2013,Undergraduate,Male,"11,699"
Ottawa,2012-2013,Graduate,Female,"2,868"
Ottawa,2012-2013,Graduate,Male,"2,344"
Ottawa,2013-2014,Undergraduate,Female,"18,241"
Ottawa,2013-2014,Undergraduate,Male,"11,794"
Ottawa,2013-2014,Graduate,Female,"2,941"
Ottawa,2013-2014,Graduate,Male,"2,562"
Ottawa,2014-2015,Undergraduate,Female,"18,296"
Ottawa,2014-2015,Undergraduate,Male,"11,973"
Ottawa,2014-2015,Graduate,Female,"2,946"
Ottawa,2014-2015,Graduate,Male,"2,709"
Ottawa,2015-2016,Undergraduate,Female,"18,188"
Ottawa,2015-2016,Undergraduate,Male,"12,153"
Ottawa,2015-2016,Graduate,Female,"2,989"
Ottawa,2015-2016,Graduate,Male,"2,612"
Ottawa,2016-2017,Undergraduate,Female,"18,515"
Ottawa,2016-2017,Undergraduate,Male,"12,481"
Ottawa,2016-2017,Undergraduate,N/A or Another,0
Ottawa,2016-2017,Graduate,Female,"2,913"
Ottawa,2016-2017,Graduate,Male,"2,618"
Ottawa,2017-2018,Undergraduate,Female,"18,257"
Ottawa,2017-2018,Undergraduate,Male,"12,276"
Ottawa,2017-2018,Undergraduate,N/A or Another,276
Ottawa,2017-2018,Graduate,Female,"3,047"
Ottawa,2017-2018,Graduate,Male,"2,575"
Ottawa,2017-2018,Graduate,N/A or Another,114
Ottawa,2018-2019,Undergraduate,Female,"18,456"
Ottawa,2018-2019,Undergraduate,Male,"12,393"
Ottawa,2018-2019,Undergraduate,N/A or Another,462
Ottawa,2018-2019,Graduate,Female,"3,146"
Ottawa,2018-2019,Graduate,Male,"2,631"
Ottawa,2018-2019,Graduate,N/A or Another,230
Ottawa,2019-2020,Undergraduate,Female,"18,714"
Ottawa,2019-2020,Undergraduate,Male,"12,198"
Ottawa,2019-2020,Undergraduate,N/A or Another,641
Ottawa,2019-2020,Graduate,Female,"3,340"
Ottawa,2019-2020,Graduate,Male,"2,679"
Ottawa,2019-2020,Graduate,N/A or Another,285
Ottawa,2020-2021,Undergraduate,Female,"19,373"
Ottawa,2020-2021,Undergraduate,Male,"12,403"
Ottawa,2020-2021,Undergraduate,N/A or Another,838
Ottawa,2020-2021,Graduate,Female,"3,490"
Ottawa,2020-2021,Graduate,Male,"2,651"
Ottawa,2020-2021,Graduate,N/A or Another,314
Ottawa,2021-2022,Undergraduate,Female,"20,274"
Ottawa,2021-2022,Undergraduate,Male,"12,822"
Ottawa,2021-2022,Undergraduate,N/A or Another,903
Ottawa,2021-2022,Graduate,Female,"3,660"
Ottawa,2021-2022,Graduate,Male,"2,761"
Ottawa,2021-2022,Graduate,N/A or Another,357
Ottawa,2022-2023,Undergraduate,Female,"20,364"
Ottawa,2022-2023,Undergraduate,Male,"12,944"
Ottawa,2022-2023,Undergraduate,N/A or Another,974
Ottawa,2022-2023,Graduate,Female,"3,742"
Ottawa,2022-2023,Graduate,Male,"2,982"
Ottawa,2022-2023,Graduate,N/A or Another,347
Ottawa,2023-2024,Undergraduate,Female,"20,443"
Ottawa,2023-2024,Undergraduate,Male,"13,248"
Ottawa,2023-2024,Undergraduate,N/A or Another,"1,064"
Ottawa,2023-2024,Graduate,Female,"3,817"
Ottawa,2023-2024,Graduate,Male,"2,964"
Ottawa,2023-2024,Graduate,N/A or Another,347
Ottawa,2024-2025,Undergraduate,Female,20935
Ottawa,2024-2025,Undergraduate,Male,13452
Ottawa,2024-2025,Undergraduate,N/A or Another,1063
Ottawa,2024-2025,Graduate,Female,3818
Ottawa,2024-2025,Graduate,Male,2755
Ottawa,2024-2025,Graduate,N/A or Another,355
Queen's,2012-2013,Undergraduate,Female,"10,279"
Queen's,2012-2013,Undergraduate,Male,"7,024"
Queen's,2012-2013,Graduate,Female,"1,783"
Queen's,2012-2013,Graduate,Male,"1,963"
Queen's,2013-2014,Undergraduate,Female,"10,497"
Queen's,2013-2014,Undergraduate,Male,"7,214"
Queen's,2013-2014,Graduate,Female,"1,781"
Queen's,2013-2014,Graduate,Male,"2,017"
Queen's,2014-2015,Undergraduate,Female,"10,913"
Queen's,2014-2015,Undergraduate,Male,"7,606"
Queen's,2014-2015,Graduate,Female,"1,831"
Queen's,2014-2015,Graduate,Male,"2,125"
Queen's,2015-2016,Undergraduate,Female,"11,229"
Queen's,2015-2016,Undergraduate,Male,"7,873"
Queen's,2015-2016,Graduate,Female,"1,948"
Queen's,2015-2016,Graduate,Male,"2,120"
Queen's,2016-2017,Undergraduate,Female,"11,464"
Queen's,2016-2017,Undergraduate,Male,"7,962"
Queen's,2016-2017,Undergraduate,N/A or Another,0
Queen's,2016-2017,Graduate,Female,"1,960"
Queen's,2016-2017,Graduate,Male,"2,114"
Queen's,2017-2018,Undergraduate,Female,"11,942"
Queen's,2017-2018,Undergraduate,Male,"8,258"
Queen's,2017-2018,Undergraduate,N/A or Another,21
Queen's,2017-2018,Graduate,Female,"2,074"
Queen's,2017-2018,Graduate,Male,"2,241"
Queen's,2018-2019,Undergraduate,Female,"12,445"
Queen's,2018-2019,Undergraduate,Male,"8,450"
Queen's,2018-2019,Undergraduate,N/A or Another,18
Queen's,2018-2019,Graduate,Female,"2,308"
Queen's,2018-2019,Graduate,Male,"2,314"
Queen's,2019-2020,Undergraduate,Female,"12,602"
Queen's,2019-2020,Undergraduate,Male,"8,456"
Queen's,2019-2020,Undergraduate,N/A or Another,211
Queen's,2019-2020,Graduate,Female,"2,418"
Queen's,2019-2020,Graduate,Male,"2,318"
Queen's,2019-2020,Graduate,N/A or Another,51
Queen's,2020-2021,Undergraduate,Female,"12,824"
Queen's,2020-2021,Undergraduate,Male,"8,686"
Queen's,2020-2021,Undergraduate,N/A or Another,303
Queen's,2020-2021,Graduate,Female,"2,391"
Queen's,2020-2021,Graduate,Male,"2,328"
Queen's,2020-2021,Graduate,N/A or Another,63
Queen's,2021-2022,Undergraduate,Female,"13,458"
Queen's,2021-2022,Undergraduate,Male,"9,022"
Queen's,2021-2022,Undergraduate,N/A or Another,346
Queen's,2021-2022,Graduate,Female,"2,894"
Queen's,2021-2022,Graduate,Male,"2,642"
Queen's,2021-2022,Graduate,N/A or Another,76
Queen's,2022-2023,Undergraduate,Female,"13,794"
Queen's,2022-2023,Undergraduate,Male,"9,310"
Queen's,2022-2023,Undergraduate,N/A or Another,401
Queen's,2022-2023,Graduate,Female,"2,907"
Queen's,2022-2023,Graduate,Male,"2,473"
Queen's,2022-2023,Graduate,N/A or Another,85
Queen's,2023-2024,Undergraduate,Female,"14,130"
Queen's,2023-2024,Undergraduate,Male,"9,480"
Queen's,2023-2024,Undergraduate,N/A or Another,641
Queen's,2023-2024,Graduate,Female,"2,907"
Queen's,2023-2024,Graduate,Male,"2,305"
Queen's,2023-2024,Graduate,N/A or Another,89
Queen's,2024-2025,Undergraduate,Female,14357
Queen's,2024-2025,Undergraduate,Male,9740
Queen's,2024-2025,Undergraduate,N/A or Another,670
Queen's,2024-2025,Graduate,Female,2847
Queen's,2024-2025,Graduate,Male,2374
Queen's,2024-2025,Graduate,N/A or Another,74
Toronto,2012-2013,Undergraduate,Female,"33,186"
Toronto,2012-2013,Undergraduate,Male,"26,035"
Toronto,2012-2013,Undergraduate,N/A or Another,14
Toronto,2012-2013,Graduate,Female,"7,493"
Toronto,2012-2013,Graduate,Male,"6,480"
Toronto,2012-2013,Graduate,N/A or Another,*
Toronto,2013-2014,Undergraduate,Female,"34,018"
Toronto,2013-2014,Undergraduate,Male,"26,685"
Toronto,2013-2014,Undergraduate,N/A or Another,*
Toronto,2013-2014,Graduate,Female,"7,830"
Toronto,2013-2014,Graduate,Male,"6,852"
Toronto,2013-2014,Graduate,N/A or Another,*
Toronto,2014-2015,Undergraduate,Female,"34,510"
Toronto,2014-2015,Undergraduate,Male,"27,405"
Toronto,2014-2015,Undergraduate,N/A or Another,10
Toronto,2014-2015,Graduate,Female,"8,187"
Toronto,2014-2015,Graduate,Male,"7,058"
Toronto,2014-2015,Graduate,N/A or Another,12
Toronto,2015-2016,Undergraduate,Female,"35,478"
Toronto,2015-2016,Undergraduate,Male,"28,230"
Toronto,2015-2016,Undergraduate,N/A or Another,12
Toronto,2015-2016,Graduate,Female,"8,585"
Toronto,2015-2016,Graduate,Male,"7,218"
Toronto,2015-2016,Graduate,N/A or Another,15
Toronto,2016-2017,Undergraduate,Female,"35,807"
Toronto,2016-2017,Undergraduate,Male,"28,503"
Toronto,2016-2017,Undergraduate,N/A or Another,26
Toronto,2016-2017,Graduate,Female,"9,056"
Toronto,2016-2017,Graduate,Male,"7,521"
Toronto,2016-2017,Graduate,N/A or Another,29
Toronto,2017-2018,Undergraduate,Female,"36,187"
Toronto,2017-2018,Undergraduate,Male,"28,397"
Toronto,2017-2018,Undergraduate,N/A or Another,363
Toronto,2017-2018,Graduate,Female,"9,452"
Toronto,2017-2018,Graduate,Male,"7,560"
Toronto,2017-2018,Graduate,N/A or Another,45
Toronto,2018-2019,Undergraduate,Female,"36,658"
Toronto,2018-2019,Undergraduate,Male,"28,357"
Toronto,2018-2019,Undergraduate,N/A or Another,705
Toronto,2018-2019,Graduate,Female,"9,922"
Toronto,2018-2019,Graduate,Male,"7,828"
Toronto,2018-2019,Graduate,N/A or Another,84
Toronto,2019-2020,Undergraduate,Female,"36,831"
Toronto,2019-2020,Undergraduate,Male,"28,775"
Toronto,2019-2020,Undergraduate,N/A or Another,"1,029"
Toronto,2019-2020,Graduate,Female,"10,586"
Toronto,2019-2020,Graduate,Male,"7,944"
Toronto,2019-2020,Graduate,N/A or Another,150
Toronto,2020-2021,Undergraduate,Female,"37,399"
Toronto,2020-2021,Undergraduate,Male,"29,224"
Toronto,2020-2021,Undergraduate,N/A or Another,"1,379"
Toronto,2020-2021,Graduate,Female,"10,974"
Toronto,2020-2021,Graduate,Male,"7,913"
Toronto,2020-2021,Graduate,N/A or Another,168
Toronto,2021-2022,Undergraduate,Female,"37,695"
Toronto,2021-2022,Undergraduate,Male,"29,581"
Toronto,2021-2022,Undergraduate,N/A or Another,"1,649"
Toronto,2021-2022,Graduate,Female,"11,466"
Toronto,2021-2022,Graduate,Male,"8,160"
Toronto,2021-2022,Graduate,N/A or Another,196
Toronto,2022-2023,Undergraduate,Female,"37,942"
Toronto,2022-2023,Undergraduate,Male,"29,831"
Toronto,2022-2023,Undergraduate,N/A or Another,"1,895"
Toronto,2022-2023,Graduate,Female,"11,683"
Toronto,2022-2023,Graduate,Male,"8,120"
Toronto,2022-2023,Graduate,N/A or Another,213
Toronto,2023-2024,Undergraduate,Female,"38,853"
Toronto,2023-2024,Undergraduate,Male,"31,096"
Toronto,2023-2024,Undergraduate,N/A or Another,"2,001"
Toronto,2023-2024,Graduate,Female,"11,708"
Toronto,2023-2024,Graduate,Male,"7,984"
Toronto,2023-2024,Graduate,N/A or Another,238
Toronto,2024-2025,Undergraduate,Female,40238
Toronto,2024-2025,Undergraduate,Male,31854
Toronto,2024-2025,Undergraduate,N/A or Another,2102
Toronto,2024-2025,Graduate,Female,11926
Toronto,2024-2025,Graduate,Male,8122
Toronto,2024-2025,Graduate,N/A or Another,256
Trent,2012-2013,Undergraduate,Female,"4,174"
Trent,2012-2013,Undergraduate,Male,"2,235"
Trent,2012-2013,Graduate,Female,245
Trent,2012-2013,Graduate,Male,170
Trent,2013-2014,Undergraduate,Female,"4,284"
Trent,2013-2014,Undergraduate,Male,"2,214"
Trent,2013-2014,Graduate,Female,248
Trent,2013-2014,Graduate,Male,169
Trent,2014-2015,Undergraduate,Female,"4,347"
Trent,2014-2015,Undergraduate,Male,"2,193"
Trent,2014-2015,Graduate,Female,237
Trent,2014-2015,Graduate,Male,142
Trent,2015-2016,Undergraduate,Female,"4,423"
Trent,2015-2016,Undergraduate,Male,"2,278"
Trent,2015-2016,Graduate,Female,235
Trent,2015-2016,Graduate,Male,137
Trent,2016-2017,Undergraduate,Female,"4,894"
Trent,2016-2017,Undergraduate,Male,"2,384"
Trent,2016-2017,Undergraduate,N/A or Another,*
Trent,2016-2017,Graduate,Female,228
Trent,2016-2017,Graduate,Male,131
Trent,2017-2018,Undergraduate,Female,"5,187"
Trent,2017-2018,Undergraduate,Male,"2,484"
Trent,2017-2018,Undergraduate,N/A or Another,62
Trent,2017-2018,Graduate,Female,246
Trent,2017-2018,Graduate,Male,171
Trent,2017-2018,Graduate,N/A or Another,*
Trent,2018-2019,Undergraduate,Female,"5,505"
Trent,2018-2019,Undergraduate,Male,"2,583"
Trent,2018-2019,Undergraduate,N/A or Another,135
Trent,2018-2019,Graduate,Female,295
Trent,2018-2019,Graduate,Male,193
Trent,2018-2019,Graduate,N/A or Another,*
Trent,2019-2020,Undergraduate,Female,"5,913"
Trent,2019-2020,Undergraduate,Male,"2,816"
Trent,2019-2020,Undergraduate,N/A or Another,174
Trent,2019-2020,Graduate,Female,308
Trent,2019-2020,Graduate,Male,209
Trent,2019-2020,Graduate,N/A or Another,16
Trent,2020-2021,Undergraduate,Female,"6,022"
Trent,2020-2021,Undergraduate,Male,"2,920"
Trent,2020-2021,Undergraduate,N/A or Another,210
Trent,2020-2021,Graduate,Female,338
Trent,2020-2021,Graduate,Male,192
Trent,2020-2021,Graduate,N/A or Another,16
Trent,2021-2022,Undergraduate,Female,"6,243"
Trent,2021-2022,Undergraduate,Male,"3,049"
Trent,2021-2022,Undergraduate,N/A or Another,194
Trent,2021-2022,Graduate,Female,340
Trent,2021-2022,Graduate,Male,268
Trent,2021-2022,Graduate,N/A or Another,23
Trent,2022-2023,Undergraduate,Female,"6,513"
Trent,2022-2023,Undergraduate,Male,"3,221"
Trent,2022-2023,Undergraduate,N/A or Another,248
Trent,2022-2023,Graduate,Female,381
Trent,2022-2023,Graduate,Male,270
Trent,2022-2023,Graduate,N/A or Another,26
Trent,2023-2024,Undergraduate,Female,"6,954"
Trent,2023-2024,Undergraduate,Male,"3,594"
Trent,2023-2024,Undergraduate,N/A or Another,336
Trent,2023-2024,Graduate,Female,506
Trent,2023-2024,Graduate,Male,509
Trent,2023-2024,Graduate,N/A or Another,27
Trent,2024-2025,Undergraduate,Female,6857
Trent,2024-2025,Undergraduate,Male,3542
Trent,2024-2025,Undergraduate,N/A or Another,409
Trent,2024-2025,Graduate,Female,578
Trent,2024-2025,Graduate,Male,483
Trent,2024-2025,Graduate,N/A or Another,27
UOF,2021-2022,Undergraduate,Female,14
UOF,2021-2022,Undergraduate,Male,13
UOF,2022-2023,Undergraduate,Female,43
UOF,2022-2023,Undergraduate,Male,55
UOF,2022-2023,Undergraduate,N/A or Another,0
UOF,2023-2024,Undergraduate,Female,107
UOF,2023-2024,Undergraduate,Male,86
UOF,2023-2024,Undergraduate,N/A or Another,*
UOF,2024-2025,Undergraduate,Female,202
UOF,2024-2025,Undergraduate,Male,105
UOF,2024-2025,Undergraduate,N/A or Another,10
Waterloo,2012-2013,Undergraduate,Female,"12,409"
Waterloo,2012-2013,Undergraduate,Male,"15,940"
Waterloo,2012-2013,Graduate,Female,"1,435"
Waterloo,2012-2013,Graduate,Male,"2,403"
Waterloo,2013-2014,Undergraduate,Female,"12,863"
Waterloo,2013-2014,Undergraduate,Male,"16,243"
Waterloo,2013-2014,Graduate,Female,"1,551"
Waterloo,2013-2014,Graduate,Male,"2,409"
Waterloo,2014-2015,Undergraduate,Female,"13,215"
Waterloo,2014-2015,Undergraduate,Male,"16,345"
Waterloo,2014-2015,Graduate,Female,"1,580"
Waterloo,2014-2015,Graduate,Male,"2,383"
Waterloo,2015-2016,Undergraduate,Female,"13,647"
Waterloo,2015-2016,Undergraduate,Male,"16,267"
Waterloo,2015-2016,Graduate,Female,"1,628"
Waterloo,2015-2016,Graduate,Male,"2,420"
Waterloo,2016-2017,Undergraduate,Female,"14,314"
Waterloo,2016-2017,Undergraduate,Male,"16,596"
Waterloo,2016-2017,Undergraduate,N/A or Another,0
Waterloo,2016-2017,Graduate,Female,"1,752"
Waterloo,2016-2017,Graduate,Male,"2,457"
Waterloo,2017-2018,Undergraduate,Female,"14,919"
Waterloo,2017-2018,Undergraduate,Male,"16,831"
Waterloo,2017-2018,Undergraduate,N/A or Another,29
Waterloo,2017-2018,Graduate,Female,"1,848"
Waterloo,2017-2018,Graduate,Male,"2,650"
Waterloo,2017-2018,Graduate,N/A or Another,*
Waterloo,2018-2019,Undergraduate,Female,"15,433"
Waterloo,2018-2019,Undergraduate,Male,"16,936"
Waterloo,2018-2019,Undergraduate,N/A or Another,149
Waterloo,2018-2019,Graduate,Female,"1,877"
Waterloo,2018-2019,Graduate,Male,"2,627"
Waterloo,2018-2019,Graduate,N/A or Another,66
Waterloo,2019-2020,Undergraduate,Female,"15,769"
Waterloo,2019-2020,Undergraduate,Male,"17,160"
Waterloo,2019-2020,Undergraduate,N/A or Another,273
Waterloo,2019-2020,Graduate,Female,"1,910"
Waterloo,2019-2020,Graduate,Male,"2,646"
Waterloo,2019-2020,Graduate,N/A or Another,183
Waterloo,2020-2021,Undergraduate,Female,"16,024"
Waterloo,2020-2021,Undergraduate,Male,"17,833"
Waterloo,2020-2021,Undergraduate,N/A or Another,367
Waterloo,2020-2021,Graduate,Female,"1,970"
Waterloo,2020-2021,Graduate,Male,"2,498"
Waterloo,2020-2021,Graduate,N/A or Another,248
Waterloo,2021-2022,Undergraduate,Female,"16,166"
Waterloo,2021-2022,Undergraduate,Male,"17,903"
Waterloo,2021-2022,Undergraduate,N/A or Another,439
Waterloo,2021-2022,Graduate,Female,"2,038"
Waterloo,2021-2022,Graduate,Male,"2,608"
Waterloo,2021-2022,Graduate,N/A or Another,310
Waterloo,2022-2023,Undergraduate,Female,"16,092"
Waterloo,2022-2023,Undergraduate,Male,"17,889"
Waterloo,2022-2023,Undergraduate,N/A or Another,419
Waterloo,2022-2023,Graduate,Female,"1,996"
Waterloo,2022-2023,Graduate,Male,"2,437"
Waterloo,2022-2023,Graduate,N/A or Another,208
Waterloo,2023-2024,Undergraduate,Female,"16,208"
Waterloo,2023-2024,Undergraduate,Male,"17,762"
Waterloo,2023-2024,Undergraduate,N/A or Another,491
Waterloo,2023-2024,Graduate,Female,"1,927"
Waterloo,2023-2024,Graduate,Male,"2,495"
Waterloo,2023-2024,Graduate,N/A or Another,132
Waterloo,2024-2025,Undergraduate,Female,15981
Waterloo,2024-2025,Undergraduate,Male,17623
Waterloo,2024-2025,Undergraduate,N/A or Another,544
Waterloo,2024-2025,Graduate,Female,1955
Waterloo,2024-2025,Graduate,Male,2410
Waterloo,2024-2025,Graduate,N/A or Another,109
Western,2012-2013,Undergraduate,Female,"15,917"
Western,2012-2013,Undergraduate,Male,"12,728"
Western,2012-2013,Undergraduate,N/A or Another,0
Western,2012-2013,Graduate,Female,"2,482"
Western,2012-2013,Graduate,Male,"2,359"
Western,2013-2014,Undergraduate,Female,"16,177"
Western,2013-2014,Undergraduate,Male,"12,770"
Western,2013-2014,Graduate,Female,"2,627"
Western,2013-2014,Graduate,Male,"2,438"
Western,2013-2014,Graduate,N/A or Another,0
Western,2014-2015,Undergraduate,Female,"16,282"
Western,2014-2015,Undergraduate,Male,"12,873"
Western,2014-2015,Undergraduate,N/A or Another,0
Western,2014-2015,Graduate,Female,"2,821"
Western,2014-2015,Graduate,Male,"2,467"
Western,2014-2015,Graduate,N/A or Another,0
Western,2015-2016,Undergraduate,Female,"16,224"
Western,2015-2016,Undergraduate,Male,"12,637"
Western,2015-2016,Graduate,Female,"2,908"
Western,2015-2016,Graduate,Male,"2,528"
Western,2016-2017,Undergraduate,Female,"16,885"
Western,2016-2017,Undergraduate,Male,"12,798"
Western,2016-2017,Graduate,Female,"3,033"
Western,2016-2017,Graduate,Male,"2,572"
Western,2017-2018,Undergraduate,Female,"17,079"
Western,2017-2018,Undergraduate,Male,"12,718"
Western,2017-2018,Undergraduate,N/A or Another,*
Western,2017-2018,Graduate,Female,"3,324"
Western,2017-2018,Graduate,Male,"2,704"
Western,2018-2019,Undergraduate,Female,"17,417"
Western,2018-2019,Undergraduate,Male,"12,942"
Western,2018-2019,Undergraduate,N/A or Another,10
Western,2018-2019,Graduate,Female,"3,443"
Western,2018-2019,Graduate,Male,"2,563"
Western,2018-2019,Graduate,N/A or Another,*
Western,2019-2020,Undergraduate,Female,"17,870"
Western,2019-2020,Undergraduate,Male,"13,073"
Western,2019-2020,Undergraduate,N/A or Another,14
Western,2019-2020,Graduate,Female,"3,595"
Western,2019-2020,Graduate,Male,"2,677"
Western,2019-2020,Graduate,N/A or Another,*
Western,2020-2021,Undergraduate,Female,"18,514"
Western,2020-2021,Undergraduate,Male,"13,495"
Western,2020-2021,Undergraduate,N/A or Another,123
Western,2020-2021,Graduate,Female,"3,641"
Western,2020-2021,Graduate,Male,"2,546"
Western,2020-2021,Graduate,N/A or Another,25
Western,2021-2022,Undergraduate,Female,"18,918"
Western,2021-2022,Undergraduate,Male,"13,864"
Western,2021-2022,Undergraduate,N/A or Another,334
Western,2021-2022,Graduate,Female,"3,959"
Western,2021-2022,Graduate,Male,"2,791"
Western,2021-2022,Graduate,N/A or Another,63
Western,2022-2023,Undergraduate,Female,"19,039"
Western,2022-2023,Undergraduate,Male,"14,525"
Western,2022-2023,Undergraduate,N/A or Another,511
Western,2022-2023,Graduate,Female,"3,889"
Western,2022-2023,Graduate,Male,"2,777"
Western,2022-2023,Graduate,N/A or Another,86
Western,2023-2024,Undergraduate,Female,"19,326"
Western,2023-2024,Undergraduate,Male,"15,193"
Western,2023-2024,Undergraduate,N/A or Another,676
Western,2023-2024,Graduate,Female,"4,049"
Western,2023-2024,Graduate,Male,"2,801"
Western,2023-2024,Graduate,N/A or Another,103
Western,2024-2025,Undergraduate,Female,19484
Western,2024-2025,Undergraduate,Male,15446
Western,2024-2025,Undergraduate,N/A or Another,757
Western,2024-2025,Graduate,Female,4334
Western,2024-2025,Graduate,Male,2816
Western,2024-2025,Graduate,N/A or Another,141
Wilfrid Laurier,2012-2013,Undergraduate,Female,"8,858"
Wilfrid Laurier,2012-2013,Undergraduate,Male,"6,414"
Wilfrid Laurier,2012-2013,Graduate,Female,578
Wilfrid Laurier,2012-2013,Graduate,Male,353
Wilfrid Laurier,2013-2014,Undergraduate,Female,"8,920"
Wilfrid Laurier,2013-2014,Undergraduate,Male,"6,596"
Wilfrid Laurier,2013-2014,Graduate,Female,602
Wilfrid Laurier,2013-2014,Graduate,Male,377
Wilfrid Laurier,2014-2015,Undergraduate,Female,"8,609"
Wilfrid Laurier,2014-2015,Undergraduate,Male,"6,486"
Wilfrid Laurier,2014-2015,Graduate,Female,595
Wilfrid Laurier,2014-2015,Graduate,Male,355
Wilfrid Laurier,2015-2016,Undergraduate,Female,"8,363"
Wilfrid Laurier,2015-2016,Undergraduate,Male,"6,476"
Wilfrid Laurier,2015-2016,Graduate,Female,639
Wilfrid Laurier,2015-2016,Graduate,Male,351
Wilfrid Laurier,2016-2017,Undergraduate,Female,"8,474"
Wilfrid Laurier,2016-2017,Undergraduate,Male,"6,399"
Wilfrid Laurier,2016-2017,Graduate,Female,650
Wilfrid Laurier,2016-2017,Graduate,Male,328
Wilfrid Laurier,2017-2018,Undergraduate,Female,"8,613"
Wilfrid Laurier,2017-2018,Undergraduate,Male,"6,631"
Wilfrid Laurier,2017-2018,Graduate,Female,733
Wilfrid Laurier,2017-2018,Graduate,Male,437
Wilfrid Laurier,2018-2019,Undergraduate,Female,"8,591"
Wilfrid Laurier,2018-2019,Undergraduate,Male,"6,653"
Wilfrid Laurier,2018-2019,Graduate,Female,767
Wilfrid Laurier,2018-2019,Graduate,Male,448
Wilfrid Laurier,2019-2020,Undergraduate,Female,"8,779"
Wilfrid Laurier,2019-2020,Undergraduate,Male,"6,860"
Wilfrid Laurier,2019-2020,Graduate,Female,710
Wilfrid Laurier,2019-2020,Graduate,Male,453
Wilfrid Laurier,2020-2021,Undergraduate,Female,"8,777"
Wilfrid Laurier,2020-2021,Undergraduate,Male,"7,106"
Wilfrid Laurier,2020-2021,Graduate,Female,724
Wilfrid Laurier,2020-2021,Graduate,Male,451
Wilfrid Laurier,2021-2022,Undergraduate,Female,"8,921"
Wilfrid Laurier,2021-2022,Undergraduate,Male,"7,618"
Wilfrid Laurier,2021-2022,Graduate,Female,768
Wilfrid Laurier,2021-2022,Graduate,Male,432
Wilfrid Laurier,2021-2022,Graduate,N/A or Another,*
Wilfrid Laurier,2022-2023,Undergraduate,Female,"8,829"
Wilfrid Laurier,2022-2023,Undergraduate,Male,"7,751"
Wilfrid Laurier,2022-2023,Undergraduate,N/A or Another,103
Wilfrid Laurier,2022-2023,Graduate,Female,714
Wilfrid Laurier,2022-2023,Graduate,Male,396
Wilfrid Laurier,2022-2023,Graduate,N/A or Another,17
Wilfrid Laurier,2023-2024,Undergraduate,Female,"8,831"
Wilfrid Laurier,2023-2024,Undergraduate,Male,"7,867"
Wilfrid Laurier,2023-2024,Undergraduate,N/A or Another,151
Wilfrid Laurier,2023-2024,Graduate,Female,757
Wilfrid Laurier,2023-2024,Graduate,Male,459
Wilfrid Laurier,2023-2024,Graduate,N/A or Another,21
Wilfrid Laurier,2024-2025,Undergraduate,Female,9065
Wilfrid Laurier,2024-2025,Undergraduate,Male,8267
Wilfrid Laurier,2024-2025,Undergraduate,N/A or Another,306
Wilfrid Laurier,2024-2025,Graduate,Female,864
Wilfrid Laurier,2024-2025,Graduate,Male,521
Wilfrid Laurier,2024-2025,Graduate,N/A or Another,33
Windsor,2012-2013,Undergraduate,Female,"6,353"
Windsor,2012-2013,Undergraduate,Male,"5,451"
Windsor,2012-2013,Graduate,Female,962
Windsor,2012-2013,Graduate,Male,944
Windsor,2013-2014,Undergraduate,Female,"6,323"
Windsor,2013-2014,Undergraduate,Male,"5,479"
Windsor,2013-2014,Graduate,Female,"1,121"
Windsor,2013-2014,Graduate,Male,"1,180"
Windsor,2014-2015,Undergraduate,Female,"6,186"
Windsor,2014-2015,Undergraduate,Male,"5,403"
Windsor,2014-2015,Graduate,Female,"1,206"
Windsor,2014-2015,Graduate,Male,"1,233"
Windsor,2015-2016,Undergraduate,Female,"5,794"
Windsor,2015-2016,Undergraduate,Male,"5,088"
Windsor,2015-2016,Graduate,Female,"1,336"
Windsor,2015-2016,Graduate,Male,"1,342"
Windsor,2016-2017,Undergraduate,Female,"5,609"
Windsor,2016-2017,Undergraduate,Male,"4,950"
Windsor,2016-2017,Undergraduate,N/A or Another,*
Windsor,2016-2017,Graduate,Female,"1,459"
Windsor,2016-2017,Graduate,Male,"1,585"
Windsor,2016-2017,Graduate,N/A or Another,*
Windsor,2017-2018,Undergraduate,Female,"5,643"
Windsor,2017-2018,Undergraduate,Male,"4,783"
Windsor,2017-2018,Undergraduate,N/A or Another,116
Windsor,2017-2018,Graduate,Female,"1,508"
Windsor,2017-2018,Graduate,Male,"1,958"
Windsor,2017-2018,Graduate,N/A or Another,70
Windsor,2018-2019,Undergraduate,Female,"5,674"
Windsor,2018-2019,Undergraduate,Male,"4,673"
Windsor,2018-2019,Undergraduate,N/A or Another,225
Windsor,2018-2019,Graduate,Female,"1,570"
Windsor,2018-2019,Graduate,Male,"2,219"
Windsor,2018-2019,Graduate,N/A or Another,145
Windsor,2019-2020,Undergraduate,Female,"5,788"
Windsor,2019-2020,Undergraduate,Male,"4,592"
Windsor,2019-2020,Undergraduate,N/A or Another,336
Windsor,2019-2020,Graduate,Female,"1,691"
Windsor,2019-2020,Graduate,Male,"2,211"
Windsor,2019-2020,Graduate,N/A or Another,151
Windsor,2020-2021,Undergraduate,Female,"5,863"
Windsor,2020-2021,Undergraduate,Male,"4,545"
Windsor,2020-2021,Undergraduate,N/A or Another,364
Windsor,2020-2021,Graduate,Female,"1,759"
Windsor,2020-2021,Graduate,Male,"2,472"
Windsor,2020-2021,Graduate,N/A or Another,73
Windsor,2021-2022,Undergraduate,Female,"5,855"
Windsor,2021-2022,Undergraduate,Male,"4,382"
Windsor,2021-2022,Undergraduate,N/A or Another,354
Windsor,2021-2022,Graduate,Female,"2,033"
Windsor,2021-2022,Graduate,Male,"2,861"
Windsor,2021-2022,Graduate,N/A or Another,31
Windsor,2022-2023,Undergraduate,Female,"5,695"
Windsor,2022-2023,Undergraduate,Male,"4,203"
Windsor,2022-2023,Undergraduate,N/A or Another,298
Windsor,2022-2023,Graduate,Female,"2,215"
Windsor,2022-2023,Graduate,Male,"3,521"
Windsor,2022-2023,Graduate,N/A or Another,19
Windsor,2023-2024,Undergraduate,Female,"5,767"
Windsor,2023-2024,Undergraduate,Male,"4,409"
Windsor,2023-2024,Undergraduate,N/A or Another,322
Windsor,2023-2024,Graduate,Female,"2,263"
Windsor,2023-2024,Graduate,Male,"3,574"
Windsor,2023-2024,Graduate,N/A or Another,31
Windsor,2024-2025,Undergraduate,Female,5959
Windsor,2024-2025,Undergraduate,Male,4473
Windsor,2024-2025,Undergraduate,N/A or Another,316
Windsor,2024-2025,Graduate,Female,2096
Windsor,2024-2025,Graduate,Male,2532
Windsor,2024-2025,Graduate,N/A or Another,46
York,2012-2013,Undergraduate,Female,"24,361"
York,2012-2013,Undergraduate,Male,"16,886"
York,2012-2013,Graduate,Female,"2,194"
York,2012-2013,Graduate,Male,"1,723"
York,2013-2014,Undergraduate,Female,"23,942"
York,2013-2014,Undergraduate,Male,"16,957"
York,2013-2014,Undergraduate,N/A or Another,*
York,2013-2014,Graduate,Female,"2,201"
York,2013-2014,Graduate,Male,"1,733"
York,2013-2014,Graduate,N/A or Another,*
York,2014-2015,Undergraduate,Female,"23,244"
York,2014-2015,Undergraduate,Male,"16,451"
York,2014-2015,Undergraduate,N/A or Another,*
York,2014-2015,Graduate,Female,"2,241"
York,2014-2015,Graduate,Male,"1,795"
York,2015-2016,Undergraduate,Female,"22,941"
York,2015-2016,Undergraduate,Male,"16,662"
York,2015-2016,Undergraduate,N/A or Another,*
York,2015-2016,Graduate,Female,"2,297"
York,2015-2016,Graduate,Male,"1,778"
York,2015-2016,Graduate,N/A or Another,*
York,2016-2017,Undergraduate,Female,"22,822"
York,2016-2017,Undergraduate,Male,"16,797"
York,2016-2017,Undergraduate,N/A or Another,19
York,2016-2017,Graduate,Female,"2,332"
York,2016-2017,Graduate,Male,"1,768"
York,2016-2017,Graduate,N/A or Another,*
York,2017-2018,Undergraduate,Female,"23,573"
York,2017-2018,Undergraduate,Male,"17,461"
York,2017-2018,Undergraduate,N/A or Another,186
York,2017-2018,Graduate,Female,"2,381"
York,2017-2018,Graduate,Male,"1,850"
York,2017-2018,Graduate,N/A or Another,*
York,2018-2019,Undergraduate,Female,"24,238"
York,2018-2019,Undergraduate,Male,"18,279"
York,2018-2019,Undergraduate,N/A or Another,459
York,2018-2019,Graduate,Female,"2,508"
York,2018-2019,Graduate,Male,"1,892"
York,2018-2019,Graduate,N/A or Another,21
York,2019-2020,Undergraduate,Female,"23,846"
York,2019-2020,Undergraduate,Male,"18,609"
York,2019-2020,Undergraduate,N/A or Another,586
York,2019-2020,Graduate,Female,"2,511"
York,2019-2020,Graduate,Male,"1,957"
York,2019-2020,Graduate,N/A or Another,31
York,2020-2021,Undergraduate,Female,"23,652"
York,2020-2021,Undergraduate,Male,"18,414"
York,2020-2021,Undergraduate,N/A or Another,784
York,2020-2021,Graduate,Female,"2,572"
York,2020-2021,Graduate,Male,"1,991"
York,2020-2021,Graduate,N/A or Another,39
York,2021-2022,Undergraduate,Female,"22,675"
York,2021-2022,Undergraduate,Male,"18,127"
York,2021-2022,Undergraduate,N/A or Another,865
York,2021-2022,Graduate,Female,"2,612"
York,2021-2022,Graduate,Male,"1,994"
York,2021-2022,Graduate,N/A or Another,62
York,2022-2023,Undergraduate,Female,"21,901"
York,2022-2023,Undergraduate,Male,"17,515"
York,2022-2023,Undergraduate,N/A or Another,840
York,2022-2023,Graduate,Female,"2,603"
York,2022-2023,Graduate,Male,"1,908"
York,2022-2023,Graduate,N/A or Another,71
York,2023-2024,Undergraduate,Female,"22,300"
York,2023-2024,Undergraduate,Male,"17,833"
York,2023-2024,Undergraduate,N/A or Another,915
York,2023-2024,Graduate,Female,"2,641"
York,2023-2024,Graduate,Male,"1,958"
York,2023-2024,Graduate,N/A or Another,83
York,2024-2025,Undergraduate,Female,22116
York,2024-2025,Undergraduate,Male,17800
York,2024-2025,Undergraduate,N/A or Another,989
York,2024-2025,Graduate,Female,2652
York,2024-2025,Graduate,Male,1916
York,2024-2025,Graduate,N/A or Another,83